wwtp,date,flow
ARA Werdhoelzli,2022-09-01,133683
ARA Werdhoelzli,2022-09-02,128076
ARA Werdhoelzli,2022-09-03,156664
ARA Werdhoelzli,2022-09-04,120964
ARA Werdhoelzli,2022-09-05,124765
ARA Werdhoelzli,2022-09-06,159234
ARA Werdhoelzli,2022-09-07,176871
ARA Werdhoelzli,2022-09-08,324545
ARA Werdhoelzli,2022-09-09,147347
ARA Werdhoelzli,2022-09-10,127209
ARA Werdhoelzli,2022-09-11,117806
ARA Werdhoelzli,2022-09-12,125863
ARA Werdhoelzli,2022-09-13,131749
ARA Werdhoelzli,2022-09-14,157042
ARA Werdhoelzli,2022-09-15,281413
ARA Werdhoelzli,2022-09-16,216130
ARA Werdhoelzli,2022-09-17,132147
ARA Werdhoelzli,2022-09-18,130758
ARA Werdhoelzli,2022-09-19,138198
ARA Werdhoelzli,2022-09-20,135212
ARA Werdhoelzli,2022-09-21,132802
ARA Werdhoelzli,2022-09-22,131571
ARA Werdhoelzli,2022-09-23,128743
ARA Werdhoelzli,2022-09-24,200920
ARA Werdhoelzli,2022-09-25,190799
ARA Werdhoelzli,2022-09-26,189178
ARA Werdhoelzli,2022-09-27,277245
ARA Werdhoelzli,2022-09-28,440818
ARA Werdhoelzli,2022-09-29,383038
ARA Werdhoelzli,2022-09-30,221246
ARA Werdhoelzli,2022-10-01,266422
ARA Werdhoelzli,2022-10-02,294193
ARA Werdhoelzli,2022-10-03,378111
ARA Werdhoelzli,2022-10-04,218010
ARA Werdhoelzli,2022-10-05,182160
ARA Werdhoelzli,2022-10-06,163771
ARA Werdhoelzli,2022-10-07,158922
ARA Werdhoelzli,2022-10-08,147409
ARA Werdhoelzli,2022-10-09,141297
ARA Werdhoelzli,2022-10-10,146303
ARA Werdhoelzli,2022-10-11,143168
ARA Werdhoelzli,2022-10-12,140857
ARA Werdhoelzli,2022-10-13,170093
ARA Werdhoelzli,2022-10-14,178483
ARA Werdhoelzli,2022-10-15,265084
ARA Werdhoelzli,2022-10-16,136294
ARA Werdhoelzli,2022-10-17,141379
ARA Werdhoelzli,2022-10-18,139724
ARA Werdhoelzli,2022-10-19,136458
ARA Werdhoelzli,2022-10-20,138221
ARA Werdhoelzli,2022-10-21,215079
ARA Werdhoelzli,2022-10-22,327268
ARA Werdhoelzli,2022-10-23,161543
ARA Werdhoelzli,2022-10-24,286923
ARA Werdhoelzli,2022-10-25,196247
ARA Werdhoelzli,2022-10-26,203727
ARA Werdhoelzli,2022-10-27,150554
ARA Werdhoelzli,2022-10-28,147077
ARA Werdhoelzli,2022-10-29,138320
ARA Werdhoelzli,2022-10-30,138887
ARA Werdhoelzli,2022-10-31,140713
ARA Werdhoelzli,2022-11-01,139954
ARA Werdhoelzli,2022-11-02,141774
ARA Werdhoelzli,2022-11-03,155414
ARA Werdhoelzli,2022-11-04,186728
ARA Werdhoelzli,2022-11-05,222935
ARA Werdhoelzli,2022-11-06,138365
ARA Werdhoelzli,2022-11-07,141645
ARA Werdhoelzli,2022-11-08,138830
ARA Werdhoelzli,2022-11-09,260489
ARA Werdhoelzli,2022-11-10,196575
ARA Werdhoelzli,2022-11-11,147195
ARA Werdhoelzli,2022-11-12,138986
ARA Werdhoelzli,2022-11-13,136325
ARA Werdhoelzli,2022-11-14,181054
ARA Werdhoelzli,2022-11-15,146092
ARA Werdhoelzli,2022-11-16,190449
ARA Werdhoelzli,2022-11-17,185060
ARA Werdhoelzli,2022-11-18,423252
ARA Werdhoelzli,2022-11-19,226043
ARA Werdhoelzli,2022-11-20,181691
ARA Werdhoelzli,2022-11-21,197842
ARA Werdhoelzli,2022-11-22,170866
ARA Werdhoelzli,2022-11-23,191678
ARA Werdhoelzli,2022-11-24,276347
ARA Werdhoelzli,2022-11-25,175683
ARA Werdhoelzli,2022-11-26,167555
ARA Werdhoelzli,2022-11-27,149104
ARA Werdhoelzli,2022-11-28,153318
ARA Werdhoelzli,2022-11-29,180347
ARA Werdhoelzli,2022-11-30,189947
ARA Werdhoelzli,2022-12-01,150713
ARA Werdhoelzli,2022-12-02,150083
ARA Werdhoelzli,2022-12-03,139273
ARA Werdhoelzli,2022-12-04,138475
ARA Werdhoelzli,2022-12-05,144363
ARA Werdhoelzli,2022-12-06,141348
ARA Werdhoelzli,2022-12-07,142343
ARA Werdhoelzli,2022-12-08,141817
ARA Werdhoelzli,2022-12-09,170496
ARA Werdhoelzli,2022-12-10,188283
ARA Werdhoelzli,2022-12-11,152559
ARA Werdhoelzli,2022-12-12,142732
ARA Werdhoelzli,2022-12-13,141218
ARA Werdhoelzli,2022-12-14,222038
ARA Werdhoelzli,2022-12-15,231329
ARA Werdhoelzli,2022-12-16,213717
ARA Werdhoelzli,2022-12-17,154323
ARA Werdhoelzli,2022-12-18,144235
ARA Werdhoelzli,2022-12-19,159930
ARA Werdhoelzli,2022-12-20,172845
ARA Werdhoelzli,2022-12-21,249466
ARA Werdhoelzli,2022-12-22,159036
ARA Werdhoelzli,2022-12-23,329876
ARA Werdhoelzli,2022-12-24,306161
ARA Werdhoelzli,2022-12-25,163517
ARA Werdhoelzli,2022-12-26,276677
ARA Werdhoelzli,2022-12-27,337434
ARA Werdhoelzli,2022-12-28,184454
ARA Werdhoelzli,2022-12-29,237602
ARA Werdhoelzli,2022-12-30,442263
ARA Werdhoelzli,2022-12-31,239165
ARA Werdhoelzli,2023-01-01,179252
ARA Werdhoelzli,2023-01-02,170150
ARA Werdhoelzli,2023-01-03,260823
ARA Werdhoelzli,2023-01-04,172655
ARA Werdhoelzli,2023-01-05,173223
ARA Werdhoelzli,2023-01-06,159501
ARA Werdhoelzli,2023-01-07,151982
ARA Werdhoelzli,2023-01-08,184738
ARA Werdhoelzli,2023-01-09,441806
ARA Werdhoelzli,2023-01-10,287073
ARA Werdhoelzli,2023-01-11,266462
ARA Werdhoelzli,2023-01-12,194185
ARA Werdhoelzli,2023-01-13,202065
ARA Werdhoelzli,2023-01-14,185530
ARA Werdhoelzli,2023-01-15,275391
ARA Werdhoelzli,2023-01-16,216052
ARA Werdhoelzli,2023-01-17,193981
ARA Werdhoelzli,2023-01-18,204988
ARA Werdhoelzli,2023-01-19,178994
ARA Werdhoelzli,2023-01-20,167634
ARA Werdhoelzli,2023-01-21,156342
ARA Werdhoelzli,2023-01-22,154164
ARA Werdhoelzli,2023-01-23,160242
ARA Werdhoelzli,2023-01-24,158255
ARA Werdhoelzli,2023-01-25,160759
ARA Werdhoelzli,2023-01-26,153205
ARA Werdhoelzli,2023-01-27,150867
ARA Werdhoelzli,2023-01-28,141836
ARA Werdhoelzli,2023-01-29,140409
ARA Werdhoelzli,2023-01-30,147342
ARA Werdhoelzli,2023-01-31,145850
ARA Werdhoelzli,2023-02-01,145232
ARA Werdhoelzli,2023-02-02,142812
ARA Werdhoelzli,2023-02-03,140424
ARA Werdhoelzli,2023-02-04,135895
ARA Werdhoelzli,2023-02-05,195371
ARA Werdhoelzli,2023-02-06,157702
ARA Werdhoelzli,2023-02-07,142042
ARA Werdhoelzli,2023-02-08,142143
ARA Werdhoelzli,2023-02-09,140027
ARA Werdhoelzli,2023-02-10,137404
ARA Werdhoelzli,2023-02-11,130305
ARA Werdhoelzli,2023-02-12,125205
ARA Werdhoelzli,2023-02-13,132311
ARA Werdhoelzli,2023-02-14,136053
ARA Werdhoelzli,2023-02-15,132826
ARA Werdhoelzli,2023-02-16,131306
ARA Werdhoelzli,2023-02-17,131395
ARA Werdhoelzli,2023-02-18,125011
ARA Werdhoelzli,2023-02-19,124229
ARA Werdhoelzli,2023-02-20,132140
ARA Werdhoelzli,2023-02-21,131081
ARA Werdhoelzli,2023-02-22,130948
ARA Werdhoelzli,2023-02-23,133256
ARA Werdhoelzli,2023-02-24,145738
ARA Werdhoelzli,2023-02-25,275228
ARA Werdhoelzli,2023-02-26,132566
ARA Werdhoelzli,2023-02-27,136765
ARA Werdhoelzli,2023-02-28,135151
ARA Werdhoelzli,2023-03-01,135743
ARA Werdhoelzli,2023-03-02,131207
ARA Werdhoelzli,2023-03-03,132853
ARA Werdhoelzli,2023-03-04,126296
ARA Werdhoelzli,2023-03-05,125910
ARA Werdhoelzli,2023-03-06,133144
ARA Werdhoelzli,2023-03-07,132333
ARA Werdhoelzli,2023-03-08,164406
ARA Werdhoelzli,2023-03-09,259161
ARA Werdhoelzli,2023-03-10,248649
ARA Werdhoelzli,2023-03-11,242561
ARA Werdhoelzli,2023-03-12,201901
ARA Werdhoelzli,2023-03-13,159319
ARA Werdhoelzli,2023-03-14,459323
ARA Werdhoelzli,2023-03-15,275481
ARA Werdhoelzli,2023-03-16,184349
ARA Werdhoelzli,2023-03-17,172599
ARA Werdhoelzli,2023-03-18,153875
ARA Werdhoelzli,2023-03-19,172391
ARA Werdhoelzli,2023-03-20,163366
ARA Werdhoelzli,2023-03-21,150929
ARA Werdhoelzli,2023-03-22,151334
ARA Werdhoelzli,2023-03-23,143966
ARA Werdhoelzli,2023-03-24,237392
ARA Werdhoelzli,2023-03-25,307203
ARA Werdhoelzli,2023-03-26,277385
ARA Werdhoelzli,2023-03-27,273016
ARA Werdhoelzli,2023-03-28,177791
ARA Werdhoelzli,2023-03-29,169096
ARA Werdhoelzli,2023-03-30,184556
ARA Werdhoelzli,2023-03-31,256491
ARA Werdhoelzli,2023-04-01,211881
ARA Werdhoelzli,2023-04-02,169107
ARA Werdhoelzli,2023-04-03,208975
ARA Werdhoelzli,2023-04-04,162993
ARA Werdhoelzli,2023-04-05,158852
ARA Werdhoelzli,2023-04-06,151859
ARA Werdhoelzli,2023-04-07,136615
ARA Werdhoelzli,2023-04-08,131462
ARA Werdhoelzli,2023-04-09,126330
ARA Werdhoelzli,2023-04-10,133472
ARA Werdhoelzli,2023-04-11,196808
ARA Werdhoelzli,2023-04-12,216623
ARA Werdhoelzli,2023-04-13,253934
ARA Werdhoelzli,2023-04-14,159348
ARA Werdhoelzli,2023-04-15,142798
ARA Werdhoelzli,2023-04-16,462429
ARA Werdhoelzli,2023-04-17,443438
ARA Werdhoelzli,2023-04-18,248421
ARA Werdhoelzli,2023-04-19,199596
ARA Werdhoelzli,2023-04-20,204576
ARA Werdhoelzli,2023-04-21,179836
ARA Werdhoelzli,2023-04-22,164500
ARA Werdhoelzli,2023-04-23,178260
ARA Werdhoelzli,2023-04-24,203307
ARA Werdhoelzli,2023-04-25,182709
ARA Werdhoelzli,2023-04-26,178143
ARA Werdhoelzli,2023-04-27,161244
ARA Werdhoelzli,2023-04-28,374082
ARA Werdhoelzli,2023-04-29,345484
ARA Werdhoelzli,2023-04-30,189464
ARA Werdhoelzli,2023-05-01,392028
ARA Werdhoelzli,2023-05-02,320204
ARA Werdhoelzli,2023-05-03,242565
ARA Werdhoelzli,2023-05-04,199136
ARA Werdhoelzli,2023-05-05,190414
ARA Werdhoelzli,2023-05-06,174554
ARA Werdhoelzli,2023-05-07,226317
ARA Werdhoelzli,2023-05-08,335184
ARA Werdhoelzli,2023-05-09,261885
ARA Werdhoelzli,2023-05-10,418856
ARA Werdhoelzli,2023-05-11,366056
ARA Werdhoelzli,2023-05-12,258272
ARA Werdhoelzli,2023-05-13,220656
ARA Werdhoelzli,2023-05-14,286366
ARA Werdhoelzli,2023-05-15,366056
ARA Werdhoelzli,2023-05-16,361348
ARA Werdhoelzli,2023-05-17,365003
ARA Werdhoelzli,2023-05-18,255148
ARA Werdhoelzli,2023-05-19,219486
ARA Werdhoelzli,2023-05-20,201196
ARA Werdhoelzli,2023-05-21,193418
ARA Werdhoelzli,2023-05-22,208062
ARA Werdhoelzli,2023-05-23,229755
ARA Werdhoelzli,2023-05-24,274742
ARA Werdhoelzli,2023-05-25,194597
ARA Werdhoelzli,2023-05-26,183004
ARA Werdhoelzli,2023-05-27,164837
ARA Werdhoelzli,2023-05-28,155766
ARA Werdhoelzli,2023-05-29,159271
ARA Werdhoelzli,2023-05-30,165039
ARA Werdhoelzli,2023-05-31,163140
ARA Werdhoelzli,2023-06-01,161908
ARA Werdhoelzli,2023-06-02,157952
ARA Werdhoelzli,2023-06-03,146574
ARA Werdhoelzli,2023-06-04,148397
ARA Werdhoelzli,2023-06-05,152381
ARA Werdhoelzli,2023-06-06,151695
ARA Werdhoelzli,2023-06-07,152908
ARA Werdhoelzli,2023-06-08,152271
ARA Werdhoelzli,2023-06-09,149814
ARA Werdhoelzli,2023-06-10,139378
ARA Werdhoelzli,2023-06-11,137338
ARA Werdhoelzli,2023-06-12,146332
ARA Werdhoelzli,2023-06-13,143787
ARA Werdhoelzli,2023-06-14,146031
ARA Werdhoelzli,2023-06-15,145469
ARA Werdhoelzli,2023-06-16,152178
ARA Werdhoelzli,2023-06-17,134708
ARA Werdhoelzli,2023-06-18,134744
ARA Werdhoelzli,2023-06-19,221497
ARA Werdhoelzli,2023-06-20,207423
ARA Werdhoelzli,2023-06-21,242301
ARA Werdhoelzli,2023-06-22,190774
ARA Werdhoelzli,2023-06-23,297171
ARA Werdhoelzli,2023-06-24,137120
ARA Werdhoelzli,2023-06-25,133198
ARA Werdhoelzli,2023-06-26,143721
ARA Werdhoelzli,2023-06-27,137986
ARA Werdhoelzli,2023-06-28,138278
ARA Werdhoelzli,2023-06-29,137408
ARA Werdhoelzli,2023-06-30,175562
ARA Werdhoelzli,2023-07-01,133081
ARA Werdhoelzli,2023-07-02,150887
ARA Werdhoelzli,2023-07-03,137641
ARA Werdhoelzli,2023-07-04,135339
ARA Werdhoelzli,2023-07-05,171070
ARA Werdhoelzli,2023-07-06,135489
ARA Werdhoelzli,2023-07-07,135477
ARA Werdhoelzli,2023-07-08,138568
ARA Werdhoelzli,2023-07-09,126881
ARA Werdhoelzli,2023-07-10,148617
ARA Werdhoelzli,2023-07-11,154572
ARA Werdhoelzli,2023-07-12,315998
ARA Werdhoelzli,2023-07-13,293760
ARA Werdhoelzli,2023-07-14,160283
ARA Werdhoelzli,2023-07-15,144286
ARA Werdhoelzli,2023-07-16,355281
ARA Werdhoelzli,2023-07-17,194660
ARA Werdhoelzli,2023-07-18,146826
ARA Werdhoelzli,2023-07-19,139432
ARA Werdhoelzli,2023-07-20,134483
ARA Werdhoelzli,2023-07-21,171568
ARA Werdhoelzli,2023-07-22,127400
ARA Werdhoelzli,2023-07-23,120360
ARA Werdhoelzli,2023-07-24,328427
ARA Werdhoelzli,2023-07-25,307306
ARA Werdhoelzli,2023-07-26,378094
ARA Werdhoelzli,2023-07-27,166103
ARA Werdhoelzli,2023-07-28,180176
ARA Werdhoelzli,2023-07-29,277440
ARA Werdhoelzli,2023-07-30,197026
ARA Werdhoelzli,2023-07-31,140434
ARA Werdhoelzli,2023-08-01,273918
ARA Werdhoelzli,2023-08-02,232821
ARA Werdhoelzli,2023-08-03,222328
ARA Werdhoelzli,2023-08-04,252288
ARA Werdhoelzli,2023-08-05,295024
ARA Werdhoelzli,2023-08-06,294422
ARA Werdhoelzli,2023-08-07,202749
ARA Werdhoelzli,2023-08-08,166876
ARA Werdhoelzli,2023-08-09,162402
ARA Werdhoelzli,2023-08-10,155560
ARA Werdhoelzli,2023-08-11,151886
ARA Werdhoelzli,2023-08-12,154305
ARA Werdhoelzli,2023-08-13,140697
ARA Werdhoelzli,2023-08-14,147680
ARA Werdhoelzli,2023-08-15,145599
ARA Werdhoelzli,2023-08-16,143773
ARA Werdhoelzli,2023-08-17,141688
ARA Werdhoelzli,2023-08-18,140658
ARA Werdhoelzli,2023-08-19,133395
ARA Werdhoelzli,2023-08-20,131871
ARA Werdhoelzli,2023-08-21,141921
ARA Werdhoelzli,2023-08-22,142255
ARA Werdhoelzli,2023-08-23,141149
ARA Werdhoelzli,2023-08-24,141388
ARA Werdhoelzli,2023-08-25,165491
ARA Werdhoelzli,2023-08-26,247538
ARA Werdhoelzli,2023-08-27,331978
ARA Werdhoelzli,2023-08-28,509721
ARA Werdhoelzli,2023-08-29,456644
ARA Werdhoelzli,2023-08-30,283043
ARA Werdhoelzli,2023-08-31,209529
ARA Werdhoelzli,2023-09-01,188403
ARA Werdhoelzli,2023-09-02,170334
ARA Werdhoelzli,2023-09-03,157286
ARA Werdhoelzli,2023-09-04,158716
ARA Werdhoelzli,2023-09-05,154370
ARA Werdhoelzli,2023-09-06,152724
ARA Werdhoelzli,2023-09-07,150112
ARA Werdhoelzli,2023-09-08,151550
ARA Werdhoelzli,2023-09-09,142579
ARA Werdhoelzli,2023-09-10,138492
ARA Werdhoelzli,2023-09-11,144969
ARA Werdhoelzli,2023-09-12,146661
ARA Werdhoelzli,2023-09-13,221855
ARA Werdhoelzli,2023-09-14,303981
ARA Werdhoelzli,2023-09-15,176654
ARA Werdhoelzli,2023-09-16,141720
ARA Werdhoelzli,2023-09-17,139859
ARA Werdhoelzli,2023-09-18,162522
ARA Werdhoelzli,2023-09-19,143652
ARA Werdhoelzli,2023-09-20,142401
ARA Werdhoelzli,2023-09-21,158278
ARA Werdhoelzli,2023-09-22,388212
ARA Werdhoelzli,2023-09-23,179558
ARA Werdhoelzli,2023-09-24,139662
ARA Werdhoelzli,2023-09-25,146272
ARA Werdhoelzli,2023-09-26,141856
ARA Werdhoelzli,2023-09-27,143826
ARA Werdhoelzli,2023-09-28,144731
ARA Werdhoelzli,2023-09-29,143601
ARA Werdhoelzli,2023-09-30,135138
ARA Werdhoelzli,2023-10-01,133286
ARA Werdhoelzli,2023-10-02,140964
ARA Werdhoelzli,2023-10-03,139678
ARA Werdhoelzli,2023-10-04,138695
ARA Werdhoelzli,2023-10-05,137814
ARA Werdhoelzli,2023-10-06,138017
ARA Werdhoelzli,2023-10-07,128666
ARA Werdhoelzli,2023-10-08,123594
ARA Werdhoelzli,2023-10-09,130927
ARA Werdhoelzli,2023-10-10,129524
ARA Werdhoelzli,2023-10-11,130573
ARA Werdhoelzli,2023-10-12,128896
ARA Werdhoelzli,2023-10-13,126911
ARA Werdhoelzli,2023-10-14,248651
ARA Werdhoelzli,2023-10-15,124231
ARA Werdhoelzli,2023-10-16,128419
ARA Werdhoelzli,2023-10-17,127639
ARA Werdhoelzli,2023-10-18,127918
ARA Werdhoelzli,2023-10-19,127152
ARA Werdhoelzli,2023-10-20,173979
ARA Werdhoelzli,2023-10-21,138498
ARA Werdhoelzli,2023-10-22,125806
ARA Werdhoelzli,2023-10-23,131335
ARA Werdhoelzli,2023-10-24,277740
ARA Werdhoelzli,2023-10-25,165526
ARA Werdhoelzli,2023-10-26,234147
ARA Werdhoelzli,2023-10-27,359204
ARA Werdhoelzli,2023-10-28,148898
ARA Werdhoelzli,2023-10-29,138271
ARA Werdhoelzli,2023-10-30,192272
ARA Werdhoelzli,2023-10-31,256148
ARA Werdhoelzli,2023-11-01,147698
ARA Werdhoelzli,2023-11-02,261007
ARA Werdhoelzli,2023-11-03,178112
ARA Werdhoelzli,2023-11-04,257444
ARA Werdhoelzli,2023-11-05,275898
ARA Werdhoelzli,2023-11-06,158589
ARA Werdhoelzli,2023-11-07,164266
ARA Werdhoelzli,2023-11-08,147741
ARA Werdhoelzli,2023-11-09,150263
ARA Werdhoelzli,2023-11-10,265101
ARA Werdhoelzli,2023-11-11,186828
ARA Werdhoelzli,2023-11-12,349927
ARA Werdhoelzli,2023-11-13,402787
ARA Werdhoelzli,2023-11-14,483516
ARA Werdhoelzli,2023-11-15,472989
ARA Werdhoelzli,2023-11-16,383063
ARA Werdhoelzli,2023-11-17,305179
ARA Werdhoelzli,2023-11-18,221725
ARA Werdhoelzli,2023-11-19,383838
ARA Werdhoelzli,2023-11-20,271372
ARA Werdhoelzli,2023-11-21,305700
ARA Werdhoelzli,2023-11-22,277943
ARA Werdhoelzli,2023-11-23,212793
ARA Werdhoelzli,2023-11-24,270036
ARA Werdhoelzli,2023-11-25,221785
ARA Werdhoelzli,2023-11-26,195340
ARA Werdhoelzli,2023-11-27,234660
ARA Werdhoelzli,2023-11-28,439630
ARA Werdhoelzli,2023-11-29,268669
ARA Werdhoelzli,2023-11-30,346694
ARA Werdhoelzli,2023-12-01,516771
ARA Werdhoelzli,2023-12-02,473269
ARA Werdhoelzli,2023-12-03,401524
ARA Werdhoelzli,2023-12-04,320384
ARA Werdhoelzli,2023-12-05,387336
ARA Werdhoelzli,2023-12-06,404902
ARA Werdhoelzli,2023-12-07,290319
ARA Werdhoelzli,2023-12-08,316111
ARA Werdhoelzli,2023-12-09,340252
ARA Werdhoelzli,2023-12-10,430777
ARA Werdhoelzli,2023-12-11,425026
ARA Werdhoelzli,2023-12-12,451010
ARA Werdhoelzli,2023-12-13,489412
ARA Werdhoelzli,2023-12-14,458366
ARA Werdhoelzli,2023-12-15,396841
ARA Werdhoelzli,2023-12-16,315699
ARA Werdhoelzli,2023-12-17,276270
ARA Werdhoelzli,2023-12-18,261068
ARA Werdhoelzli,2023-12-19,241976
ARA Werdhoelzli,2023-12-20,283261
ARA Werdhoelzli,2023-12-21,236437
ARA Werdhoelzli,2023-12-22,346172
ARA Werdhoelzli,2023-12-23,336978
ARA Werdhoelzli,2023-12-24,311160
ARA Werdhoelzli,2023-12-25,317564
ARA Werdhoelzli,2023-12-26,219599
ARA Werdhoelzli,2023-12-27,208700
ARA Werdhoelzli,2023-12-28,197230
ARA Werdhoelzli,2023-12-29,190901
ARA Werdhoelzli,2023-12-30,179743
ARA Werdhoelzli,2023-12-31,237836
ARA Werdhoelzli,2024-01-01,190713
ARA Werdhoelzli,2024-01-02,224075
ARA Werdhoelzli,2024-01-03,217293
ARA Werdhoelzli,2024-01-04,225562
ARA Werdhoelzli,2024-01-05,220691
ARA Werdhoelzli,2024-01-06,467307
ARA Werdhoelzli,2024-01-07,436071
ARA Werdhoelzli,2024-01-08,306487
ARA Werdhoelzli,2024-01-09,233692
ARA Werdhoelzli,2024-01-10,220587
ARA Werdhoelzli,2024-01-11,206260
ARA Werdhoelzli,2024-01-12,197909
ARA Werdhoelzli,2024-01-13,185716
ARA Werdhoelzli,2024-01-14,184633
ARA Werdhoelzli,2024-01-15,186846
ARA Werdhoelzli,2024-01-16,177439
ARA Werdhoelzli,2024-01-17,388962
ARA Werdhoelzli,2024-01-18,426769
ARA Werdhoelzli,2024-01-19,346519
ARA Werdhoelzli,2024-01-20,226161
ARA Werdhoelzli,2024-01-21,213249
ARA Werdhoelzli,2024-01-22,310531
ARA Werdhoelzli,2024-01-23,402089
ARA Werdhoelzli,2024-01-24,275218
ARA Werdhoelzli,2024-01-25,448460
ARA Werdhoelzli,2024-01-26,335125
ARA Werdhoelzli,2024-01-27,250252
ARA Werdhoelzli,2024-01-28,230357
ARA Werdhoelzli,2024-01-29,226617
ARA Werdhoelzli,2024-01-30,217811
ARA Werdhoelzli,2024-01-31,210106
ARA Werdhoelzli,2024-02-01,241039
ARA Werdhoelzli,2024-02-02,199980
ARA Werdhoelzli,2024-02-03,185845
ARA Werdhoelzli,2024-02-04,180328
ARA Werdhoelzli,2024-02-05,182983
ARA Werdhoelzli,2024-02-06,180324
ARA Werdhoelzli,2024-02-07,207807
ARA Werdhoelzli,2024-02-08,306868
ARA Werdhoelzli,2024-02-09,248911
ARA Werdhoelzli,2024-02-10,183220
ARA Werdhoelzli,2024-02-11,212748
ARA Werdhoelzli,2024-02-12,172716
ARA Werdhoelzli,2024-02-13,166913
ARA Werdhoelzli,2024-02-14,163076
ARA Werdhoelzli,2024-02-15,162697
ARA Werdhoelzli,2024-02-16,163631
ARA Werdhoelzli,2024-02-17,172112
ARA Werdhoelzli,2024-02-18,161592
ARA Werdhoelzli,2024-02-19,247001
ARA Werdhoelzli,2024-02-20,199502
ARA Werdhoelzli,2024-02-21,171544
ARA Werdhoelzli,2024-02-22,390100
ARA Werdhoelzli,2024-02-23,390135
ARA Werdhoelzli,2024-02-24,220104
ARA Werdhoelzli,2024-02-25,203740
ARA Werdhoelzli,2024-02-26,196872
ARA Werdhoelzli,2024-02-27,188352
ARA Werdhoelzli,2024-02-28,181716
ARA Werdhoelzli,2024-02-29,178483
ARA Werdhoelzli,2024-03-01,241720
ARA Werdhoelzli,2024-03-02,171058
ARA Werdhoelzli,2024-03-03,165992
ARA Werdhoelzli,2024-03-04,168207
ARA Werdhoelzli,2024-03-05,172459
ARA Werdhoelzli,2024-03-06,458369
ARA Werdhoelzli,2024-03-07,274872
ARA Werdhoelzli,2024-03-08,204961
ARA Werdhoelzli,2024-03-09,186720
ARA Werdhoelzli,2024-03-10,257291
ARA Werdhoelzli,2024-03-11,216803
ARA Werdhoelzli,2024-03-12,194548
ARA Werdhoelzli,2024-03-13,469364
ARA Werdhoelzli,2024-03-14,275290
ARA Werdhoelzli,2024-03-15,228887
ARA Werdhoelzli,2024-03-16,457619
ARA Werdhoelzli,2024-03-17,280974
ARA Werdhoelzli,2024-03-18,424131
ARA Werdhoelzli,2024-03-19,406682
ARA Werdhoelzli,2024-03-20,265756
ARA Werdhoelzli,2024-03-21,261285
ARA Werdhoelzli,2024-03-22,226192
ARA Werdhoelzli,2024-03-23,261554
ARA Werdhoelzli,2024-03-24,401982
ARA Werdhoelzli,2024-03-25,307602
ARA Werdhoelzli,2024-03-26,226242
ARA Werdhoelzli,2024-03-27,215767
ARA Werdhoelzli,2024-03-28,262775
ARA Werdhoelzli,2024-03-29,188042
ARA Werdhoelzli,2024-03-30,171369
ARA Werdhoelzli,2024-03-31,213259
ARA Werdhoelzli,2024-04-01,257150
ARA Werdhoelzli,2024-04-02,193968
ARA Werdhoelzli,2024-04-03,190998
ARA Werdhoelzli,2024-04-04,179730
ARA Werdhoelzli,2024-04-05,175154
ARA Werdhoelzli,2024-04-06,167445
ARA Werdhoelzli,2024-04-07,165984
ARA Werdhoelzli,2024-04-08,172571
ARA Werdhoelzli,2024-04-09,186144
ARA Werdhoelzli,2024-04-10,180121
ARA Werdhoelzli,2024-04-11,168281
ARA Werdhoelzli,2024-04-12,165535
ARA Werdhoelzli,2024-04-13,157137
ARA Werdhoelzli,2024-04-14,154063
ARA Werdhoelzli,2024-04-15,178805
ARA Werdhoelzli,2024-04-16,276608
ARA Werdhoelzli,2024-04-17,307488
ARA Werdhoelzli,2024-04-18,382022
ARA Werdhoelzli,2024-04-19,354841
ARA Werdhoelzli,2024-04-20,479479
ARA Werdhoelzli,2024-04-21,393853
ARA Werdhoelzli,2024-04-22,339595
ARA Werdhoelzli,2024-04-23,248333
ARA Werdhoelzli,2024-04-24,217748
ARA Werdhoelzli,2024-04-25,200096
ARA Werdhoelzli,2024-04-26,189144
ARA Werdhoelzli,2024-04-27,174197
ARA Werdhoelzli,2024-04-28,167015
ARA Werdhoelzli,2024-04-29,170024
ARA Werdhoelzli,2024-04-30,166373
ARA Werdhoelzli,2024-05-01,159292
ARA Werdhoelzli,2024-05-02,163252
ARA Werdhoelzli,2024-05-03,159968
ARA Werdhoelzli,2024-05-04,154520
ARA Werdhoelzli,2024-05-05,154800
ARA Werdhoelzli,2024-05-06,226988
ARA Werdhoelzli,2024-05-07,331336
ARA Werdhoelzli,2024-05-08,231239
ARA Werdhoelzli,2024-05-09,161188
ARA Werdhoelzli,2024-05-10,159817
ARA Werdhoelzli,2024-05-11,150137
ARA Werdhoelzli,2024-05-12,149480
ARA Werdhoelzli,2024-05-13,157741
ARA Werdhoelzli,2024-05-14,167674
ARA Werdhoelzli,2024-05-15,157017
ARA Werdhoelzli,2024-05-16,200179
ARA Werdhoelzli,2024-05-17,405673
ARA Werdhoelzli,2024-05-18,222120
ARA Werdhoelzli,2024-05-19,190751
ARA Werdhoelzli,2024-05-20,160097
ARA Werdhoelzli,2024-05-21,320837
ARA Werdhoelzli,2024-05-22,247402
ARA Werdhoelzli,2024-05-23,329396
ARA Werdhoelzli,2024-05-24,306761
ARA Werdhoelzli,2024-05-25,205972
ARA Werdhoelzli,2024-05-26,180601
ARA Werdhoelzli,2024-05-27,349969
ARA Werdhoelzli,2024-05-28,379255
ARA Werdhoelzli,2024-05-29,237336
ARA Werdhoelzli,2024-05-30,456110
ARA Werdhoelzli,2024-05-31,470807
ARA Werdhoelzli,2024-06-01,499369
ARA Werdhoelzli,2024-06-02,455183
ARA Werdhoelzli,2024-06-03,467848
ARA Werdhoelzli,2024-06-04,404979
ARA Werdhoelzli,2024-06-05,297410
ARA Werdhoelzli,2024-06-06,272530
ARA Werdhoelzli,2024-06-07,250460
ARA Werdhoelzli,2024-06-08,251633
ARA Werdhoelzli,2024-06-09,359662
ARA Werdhoelzli,2024-06-10,457028
ARA Werdhoelzli,2024-06-11,325216
ARA Werdhoelzli,2024-06-12,256255
ARA Werdhoelzli,2024-06-13,240020
ARA Werdhoelzli,2024-06-14,231899
ARA Werdhoelzli,2024-06-15,344730
ARA Werdhoelzli,2024-06-16,226472
ARA Werdhoelzli,2024-06-17,212026
ARA Werdhoelzli,2024-06-18,232574
ARA Werdhoelzli,2024-06-19,231588
ARA Werdhoelzli,2024-06-20,208920
ARA Werdhoelzli,2024-06-21,293463
ARA Werdhoelzli,2024-06-22,456381
ARA Werdhoelzli,2024-06-23,370000
ARA Werdhoelzli,2024-06-24,252484
ARA Werdhoelzli,2024-06-25,243264
ARA Werdhoelzli,2024-06-26,233820
ARA Werdhoelzli,2024-06-27,219854
ARA Werdhoelzli,2024-06-28,395060
ARA Werdhoelzli,2024-06-29,223061
ARA Werdhoelzli,2024-06-30,290506
ARA Werdhoelzli,2024-07-01,207047
ARA Werdhoelzli,2024-07-02,231976
ARA Werdhoelzli,2024-07-03,256254
ARA Werdhoelzli,2024-07-04,220015
ARA Werdhoelzli,2024-07-05,203443
ARA Werdhoelzli,2024-07-06,264126
ARA Werdhoelzli,2024-07-07,349301
ARA Werdhoelzli,2024-07-08,214830
ARA Werdhoelzli,2024-07-09,203610
ARA Werdhoelzli,2024-07-10,266951
ARA Werdhoelzli,2024-07-11,421841
ARA Werdhoelzli,2024-07-12,320680
ARA Werdhoelzli,2024-07-13,400947
ARA Werdhoelzli,2024-07-14,228003
ARA Werdhoelzli,2024-07-15,236083
ARA Werdhoelzli,2024-07-16,431526
ARA Werdhoelzli,2024-07-17,272130
ARA Werdhoelzli,2024-07-18,233933
ARA Werdhoelzli,2024-07-19,204723
ARA Werdhoelzli,2024-07-20,182762
ARA Werdhoelzli,2024-07-21,205977
ARA Werdhoelzli,2024-07-22,220236
ARA Werdhoelzli,2024-07-23,182685
ARA Werdhoelzli,2024-07-24,176045
ARA Werdhoelzli,2024-07-25,168575
ARA Werdhoelzli,2024-07-26,166145
ARA Werdhoelzli,2024-07-27,155753
ARA Werdhoelzli,2024-07-28,245213
ARA Werdhoelzli,2024-07-29,176434
ARA Werdhoelzli,2024-07-30,160731
ARA Werdhoelzli,2024-07-31,156889
ARA Werdhoelzli,2024-08-01,231192
ARA Werdhoelzli,2024-08-02,170924
ARA Werdhoelzli,2024-08-03,159833
ARA Werdhoelzli,2024-08-04,148175
ARA Werdhoelzli,2024-08-05,152232
ARA Werdhoelzli,2024-08-06,150054
ARA Werdhoelzli,2024-08-07,266431
ARA Werdhoelzli,2024-08-08,191083
ARA Werdhoelzli,2024-08-09,145840
ARA Werdhoelzli,2024-08-10,142874
ARA Werdhoelzli,2024-08-11,142913
ARA Werdhoelzli,2024-08-12,172241
ARA Werdhoelzli,2024-08-13,182284
ARA Werdhoelzli,2024-08-14,152877
ARA Werdhoelzli,2024-08-15,149730
ARA Werdhoelzli,2024-08-16,157274
ARA Werdhoelzli,2024-08-17,309950
ARA Werdhoelzli,2024-08-18,307727
ARA Werdhoelzli,2024-08-19,231411
ARA Werdhoelzli,2024-08-20,164686
ARA Werdhoelzli,2024-08-21,159227
ARA Werdhoelzli,2024-08-22,154285
ARA Werdhoelzli,2024-08-23,154183
ARA Werdhoelzli,2024-08-24,145744
ARA Werdhoelzli,2024-08-25,202740
ARA Werdhoelzli,2024-08-26,152092
ARA Werdhoelzli,2024-08-27,151347
ARA Werdhoelzli,2024-08-28,152155
ARA Werdhoelzli,2024-08-29,150410
ARA Werdhoelzli,2024-08-30,150388
ARA Werdhoelzli,2024-08-31,141878
ARA Werdhoelzli,2024-09-01,194107
ARA Werdhoelzli,2024-09-02,244515
ARA Werdhoelzli,2024-09-03,154537
ARA Werdhoelzli,2024-09-04,195304
ARA Werdhoelzli,2024-09-05,207910
ARA Werdhoelzli,2024-09-06,170970
ARA Werdhoelzli,2024-09-07,144477
ARA Werdhoelzli,2024-09-08,196971
ARA Werdhoelzli,2024-09-09,368843
ARA Werdhoelzli,2024-09-10,273718
ARA Werdhoelzli,2024-09-11,272606
ARA Werdhoelzli,2024-09-12,360722
ARA Werdhoelzli,2024-09-13,221100
ARA Werdhoelzli,2024-09-14,173515
ARA Werdhoelzli,2024-09-15,157874
ARA Werdhoelzli,2024-09-16,176802
ARA Werdhoelzli,2024-09-17,234905
ARA Werdhoelzli,2024-09-18,167032
ARA Werdhoelzli,2024-09-19,160963
ARA Werdhoelzli,2024-09-20,158670
ARA Werdhoelzli,2024-09-21,148037
ARA Werdhoelzli,2024-09-22,146817
ARA Werdhoelzli,2024-09-23,254393
ARA Werdhoelzli,2024-09-24,237105
ARA Werdhoelzli,2024-09-25,158882
ARA Werdhoelzli,2024-09-26,482497
ARA Werdhoelzli,2024-09-27,342642
ARA Werdhoelzli,2024-09-28,343516
ARA Werdhoelzli,2024-09-29,270048
ARA Werdhoelzli,2024-09-30,226144
ARA Werdhoelzli,2024-10-01,298954
ARA Werdhoelzli,2024-10-02,474093
ARA Werdhoelzli,2024-10-03,308370
ARA Werdhoelzli,2024-10-04,278451
ARA Werdhoelzli,2024-10-05,209557
ARA Werdhoelzli,2024-10-06,220228
ARA Werdhoelzli,2024-10-07,199585
ARA Werdhoelzli,2024-10-08,280179
ARA Werdhoelzli,2024-10-09,237315
ARA Werdhoelzli,2024-10-10,228609
ARA Werdhoelzli,2024-10-11,287504
ARA Werdhoelzli,2024-10-12,246847
ARA Werdhoelzli,2024-10-13,415769
ARA Werdhoelzli,2024-10-14,233532
ARA Werdhoelzli,2024-10-15,249090
ARA Werdhoelzli,2024-10-16,207063
ARA Werdhoelzli,2024-10-17,196324
ARA Werdhoelzli,2024-10-18,188770
ARA Werdhoelzli,2024-10-19,179178
ARA Werdhoelzli,2024-10-20,169512
ARA Werdhoelzli,2024-10-21,177016
ARA Werdhoelzli,2024-10-22,195720
ARA Werdhoelzli,2024-10-23,429109
ARA Werdhoelzli,2024-10-24,228927
ARA Werdhoelzli,2024-10-25,189728
ARA Werdhoelzli,2024-10-26,172820
ARA Werdhoelzli,2024-10-27,173205
ARA Werdhoelzli,2024-10-28,170802
ARA Werdhoelzli,2024-10-29,170519
ARA Werdhoelzli,2024-10-30,172401
ARA Werdhoelzli,2024-10-31,166565
ARA Werdhoelzli,2024-11-01,167208
ARA Werdhoelzli,2024-11-02,156075
ARA Werdhoelzli,2024-11-03,153915
ARA Werdhoelzli,2024-11-04,162150
ARA Werdhoelzli,2024-11-05,160374
ARA Werdhoelzli,2024-11-06,160357
ARA Werdhoelzli,2024-11-07,157724
ARA Werdhoelzli,2024-11-08,157937
ARA Werdhoelzli,2024-11-09,153448
ARA Werdhoelzli,2024-11-10,149390
ARA Werdhoelzli,2024-11-11,192533
ARA Werdhoelzli,2024-11-12,237737
ARA Werdhoelzli,2024-11-13,161975
ARA Werdhoelzli,2024-11-14,159025
ARA Werdhoelzli,2024-11-15,156432
ARA Werdhoelzli,2024-11-16,148835
ARA Werdhoelzli,2024-11-17,148002
ARA Werdhoelzli,2024-11-18,154846
ARA Werdhoelzli,2024-11-19,248177
ARA Werdhoelzli,2024-11-20,389877
ARA Werdhoelzli,2024-11-21,188816
ARA Werdhoelzli,2024-11-22,216414
ARA Werdhoelzli,2024-11-23,205676
ARA Werdhoelzli,2024-11-24,304305
ARA Werdhoelzli,2024-11-25,256336
ARA Werdhoelzli,2024-11-26,423229
ARA Werdhoelzli,2024-11-27,242707
ARA Werdhoelzli,2024-11-28,428708
ARA Werdhoelzli,2024-11-29,288529
ARA Werdhoelzli,2024-11-30,212139
ARA Werdhoelzli,2024-12-01,199253
ARA Werdhoelzli,2024-12-02,248162
ARA Werdhoelzli,2024-12-03,327413
ARA Werdhoelzli,2024-12-04,234739
ARA Werdhoelzli,2024-12-05,207527
ARA Werdhoelzli,2024-12-06,412395
ARA Werdhoelzli,2024-12-07,372941
ARA Werdhoelzli,2024-12-08,338982
ARA Werdhoelzli,2024-12-09,273052
ARA Werdhoelzli,2024-12-10,222073
ARA Werdhoelzli,2024-12-11,211007
ARA Werdhoelzli,2024-12-12,200868
ARA Werdhoelzli,2024-12-13,194952
ARA Werdhoelzli,2024-12-14,221714
ARA Werdhoelzli,2024-12-15,191389
ARA Werdhoelzli,2024-12-16,183266
ARA Werdhoelzli,2024-12-17,181109
ARA Werdhoelzli,2024-12-18,177813
ARA Werdhoelzli,2024-12-19,237150
ARA Werdhoelzli,2024-12-20,204056
ARA Werdhoelzli,2024-12-21,165754
ARA Werdhoelzli,2024-12-22,469751
ARA Werdhoelzli,2024-12-23,349938
ARA Werdhoelzli,2024-12-24,233910
ARA Werdhoelzli,2024-12-25,186275
ARA Werdhoelzli,2024-12-26,175855
ARA Werdhoelzli,2024-12-27,174535
ARA Werdhoelzli,2024-12-28,166433
ARA Werdhoelzli,2024-12-29,160349
ARA Werdhoelzli,2024-12-30,161542
ARA Werdhoelzli,2024-12-31,161437
ARA Werdhoelzli,2025-01-01,149190
ARA Werdhoelzli,2025-01-02,238759
ARA Werdhoelzli,2025-01-03,340910
ARA Werdhoelzli,2025-01-04,186586
ARA Werdhoelzli,2025-01-05,478840
ARA Werdhoelzli,2025-01-06,417294
ARA Werdhoelzli,2025-01-07,454025
ARA Werdhoelzli,2025-01-08,422422
ARA Werdhoelzli,2025-01-09,374849
ARA Werdhoelzli,2025-01-10,314253
ARA Werdhoelzli,2025-01-11,234728
ARA Werdhoelzli,2025-01-12,223086
ARA Werdhoelzli,2025-01-13,216479
ARA Werdhoelzli,2025-01-14,208991
ARA Werdhoelzli,2025-01-15,201263
ARA Werdhoelzli,2025-01-16,194726
ARA Werdhoelzli,2025-01-17,189000
ARA Werdhoelzli,2025-01-18,178075
ARA Werdhoelzli,2025-01-19,176953
ARA Werdhoelzli,2025-01-20,180468
ARA Werdhoelzli,2025-01-21,177902
ARA Werdhoelzli,2025-01-22,179180
ARA Werdhoelzli,2025-01-23,215596
ARA Werdhoelzli,2025-01-24,174999
ARA Werdhoelzli,2025-01-25,164137
ARA Werdhoelzli,2025-01-26,185543
ARA Werdhoelzli,2025-01-27,375010
ARA Werdhoelzli,2025-01-28,478804
ARA Werdhoelzli,2025-01-29,353667
ARA Werdhoelzli,2025-01-30,240475
ARA Werdhoelzli,2025-01-31,292340
ARA Werdhoelzli,2025-02-01,209583
ARA Werdhoelzli,2025-02-02,199914
ARA Werdhoelzli,2025-02-03,197203
ARA Werdhoelzli,2025-02-04,189260
ARA Werdhoelzli,2025-02-05,179615
ARA Werdhoelzli,2025-02-06,175575
ARA Werdhoelzli,2025-02-07,173810
ARA Werdhoelzli,2025-02-08,163894
ARA Werdhoelzli,2025-02-09,154659
ARA Werdhoelzli,2025-02-10,159192
ARA Werdhoelzli,2025-02-11,306118
ARA Werdhoelzli,2025-02-12,216943
ARA Werdhoelzli,2025-02-13,284021
ARA Werdhoelzli,2025-02-14,226655
ARA Werdhoelzli,2025-02-15,175592
ARA Werdhoelzli,2025-02-16,168816
ARA Werdhoelzli,2025-02-17,170237
ARA Werdhoelzli,2025-02-18,165703
ARA Werdhoelzli,2025-02-19,162718
ARA Werdhoelzli,2025-02-20,159707
ARA Werdhoelzli,2025-02-21,158567
ARA Werdhoelzli,2025-02-22,149562
ARA Werdhoelzli,2025-02-23,166088
ARA Werdhoelzli,2025-02-24,158477
ARA Werdhoelzli,2025-02-25,161362
ARA Werdhoelzli,2025-02-26,193964
ARA Werdhoelzli,2025-02-27,191198
ARA Werdhoelzli,2025-02-28,160331
ARA Werdhoelzli,2025-03-01,150058
ARA Werdhoelzli,2025-03-02,149077
ARA Werdhoelzli,2025-03-03,155851
ARA Werdhoelzli,2025-03-04,153108
ARA Werdhoelzli,2025-03-05,152065
ARA Werdhoelzli,2025-03-06,151299
ARA Werdhoelzli,2025-03-07,150050
ARA Werdhoelzli,2025-03-08,142259
ARA Werdhoelzli,2025-03-09,141617
ARA Werdhoelzli,2025-03-10,147353
ARA Werdhoelzli,2025-03-11,146856
ARA Werdhoelzli,2025-03-12,176690
ARA Werdhoelzli,2025-03-13,177872
ARA Werdhoelzli,2025-03-14,147685
ARA Werdhoelzli,2025-03-15,140805
ARA Werdhoelzli,2025-03-16,203296
ARA Werdhoelzli,2025-03-17,154132
ARA Werdhoelzli,2025-03-18,148006
ARA Werdhoelzli,2025-03-19,147652
ARA Werdhoelzli,2025-03-20,144882
ARA Werdhoelzli,2025-03-21,143937
ARA Werdhoelzli,2025-03-22,137234
ARA Werdhoelzli,2025-03-23,166834
ARA Werdhoelzli,2025-03-24,160996
ARA Werdhoelzli,2025-03-25,178896
ARA Werdhoelzli,2025-03-26,215661
ARA Werdhoelzli,2025-03-27,165466
ARA Werdhoelzli,2025-03-28,144007
ARA Werdhoelzli,2025-03-29,191437
ARA Werdhoelzli,2025-03-30,136323
ARA Werdhoelzli,2025-03-31,146649
ARA Werdhoelzli,2025-04-01,146134
ARA Werdhoelzli,2025-04-02,146050
ARA Werdhoelzli,2025-04-03,144426
ARA Werdhoelzli,2025-04-04,142817
ARA Werdhoelzli,2025-04-05,135907
ARA Werdhoelzli,2025-04-06,134855
ARA Werdhoelzli,2025-04-07,140642
ARA Werdhoelzli,2025-04-08,140979
ARA Werdhoelzli,2025-04-09,141526
ARA Werdhoelzli,2025-04-10,136570
ARA Werdhoelzli,2025-04-11,138851
ARA Werdhoelzli,2025-04-12,131480
ARA Werdhoelzli,2025-04-13,132592
ARA Werdhoelzli,2025-04-14,147406
ARA Werdhoelzli,2025-04-15,137804
ARA Werdhoelzli,2025-04-16,146603
ARA Werdhoelzli,2025-04-17,181119
ARA Werdhoelzli,2025-04-18,125692
ARA Werdhoelzli,2025-04-19,116127
ARA Werdhoelzli,2025-04-20,113630
ARA Werdhoelzli,2025-04-21,116545
ARA Werdhoelzli,2025-04-22,127304
ARA Werdhoelzli,2025-04-23,214528
ARA Werdhoelzli,2025-04-24,258660
ARA Werdhoelzli,2025-04-25,356601
ARA Werdhoelzli,2025-04-26,198389
ARA Werdhoelzli,2025-04-27,133006
ARA Werdhoelzli,2025-04-28,136684
ARA Werdhoelzli,2025-04-29,138837
ARA Werdhoelzli,2025-04-30,136997
ARA Werdhoelzli,2025-05-01,127199
ARA Werdhoelzli,2025-05-02,133089
ARA Werdhoelzli,2025-05-03,138363
ARA Werdhoelzli,2025-05-04,316675
ARA Werdhoelzli,2025-05-05,446885
ARA Werdhoelzli,2025-05-06,271365
ARA Werdhoelzli,2025-05-07,180368
ARA Werdhoelzli,2025-05-08,161414
ARA Werdhoelzli,2025-05-09,157597
ARA Werdhoelzli,2025-05-10,149104
ARA Werdhoelzli,2025-05-11,144199
ARA Werdhoelzli,2025-05-12,193955
ARA Werdhoelzli,2025-05-13,173194
ARA Werdhoelzli,2025-05-14,147279
ARA Werdhoelzli,2025-05-15,145533
ARA Werdhoelzli,2025-05-16,143371
ARA Werdhoelzli,2025-05-17,135684
ARA Werdhoelzli,2025-05-18,132132
ARA Werdhoelzli,2025-05-19,142924
ARA Werdhoelzli,2025-05-20,232401
ARA Werdhoelzli,2025-05-21,394644
ARA Werdhoelzli,2025-05-22,425181
ARA Werdhoelzli,2025-05-23,259948
ARA Werdhoelzli,2025-05-24,159728
ARA Werdhoelzli,2025-05-25,159648
ARA Werdhoelzli,2025-05-26,211489
ARA Werdhoelzli,2025-05-27,151891
ARA Werdhoelzli,2025-05-28,249378
ARA Werdhoelzli,2025-05-29,322925
ARA Werdhoelzli,2025-05-30,155385
ARA Werdhoelzli,2025-05-31,144438
ARA Werdhoelzli,2025-06-01,205620
ARA Werdhoelzli,2025-06-02,261670
ARA Werdhoelzli,2025-06-03,308200
ARA Werdhoelzli,2025-06-04,223383
